key,key:userAccount,firm,professionalId,certifications,link
auditor-01,user-account-auditor-01,A,a,a,http://www.example.com
auditor-02,user-account-auditor-02,Auditor 2 firm,1234abcd,"Certificacion 1, Certification 2",http://www.example2.com
auditor-03,user-account-auditor-03,75 characters..............................................................,25 characters............,100 characters......................................................................................, null
auditor-04,user-account-auditor-04,74 characters.............................................................,24 characters...........,99 characters.....................................................................................,
auditor-05,user-account-auditor-05,ab,ab,AB,
auditor-06,user-account-auditor-06,XYZ Consulting,XYZ123,"Inventado 1, Inventado 2",http://www.example3.com
auditor-07,user-account-auditor-07,ABC Solutions,ABC456,"Inventado 3",http://www.example4.com
auditor-08,user-account-auditor-08,LMN Advisors,LMN789,"Inventado 2, Inventado 3",http://www.example5.com
auditor-09,user-account-auditor-09,PQR Auditing,PQR987,Inventado 1,http://www.example6.com
auditor-10,user-account-auditor-10,DEF Consultants,DEF321,"Inventado 2, Inventado 3",http://www.example7.com
