key,code,identificationDate,impact,probability,description,link
risk-01,R-000,2000/01/01 00:00,0.01,0,a,http://www.example.com
risk-02,R-001,2000/01/01 01:00,2.5,0.01,ab,null
risk-03,R-002,2022/01/01 16:00,20.97,0.5,Description,
risk-04,R-003,2022/07/29 23:59,50.0,1,100 characters......................................................................................,
risk-05,R-999,2022/07/29 22:59,100.99,0.99,99 characters......................................................................................,
risk-06,R-004,2022/07/29 22:00,30.69,0.6,New Description 1,http://www.example2.com
risk-07,R-005,2022/07/29 21:00,40.66,0.8,Innovative Description,
risk-08,R-006,2022/07/29 20:00,60.07,0.2,Exciting Description,null
risk-09,R-007,2022/07/29 19:00,70.46,0.7,Inspiring Description,http://www.example3.com
risk-10,R-008,2022/07/29 18:00,80.23,0.5,Captivating Description,http://www.example4.com
